Entry,Entry name,Protein names,Disulfide bond,Glycosylation,Length,interbond_distance,intrabond,O-Glycosylation,N-Glycosylation,topology,Cysteine positions,Cysteine Sequence,Sequon list
P04439,HLAA_HUMAN,"HLA class I histocompatibility antigen, A alpha chain (Human leukocyte antigen A) (HLA-A)","['125 188', '227 283']",['110'],365,39|,63|56|,,,o308-330i,"['124', '187', '226', '282', '362']",5,['110']
P08246,ELNE_HUMAN,Neutrophil elastase (EC 3.4.21.37) (Bone marrow serine protease) (Elastase-2) (Human leukocyte elastase) (HLE) (Medullasin) (PMN elastase),"['55 71', '151 208', '181 187', '198 223']","['88', '124', '173']",267,80|-27|11|,16|57|6|25|,,,i7-26o,"['8', '13', '54', '70', '150', '180', '186', '197', '207', '222', '253']",11,"['88', '124', '173']"
P10144,GRAB_HUMAN,Granzyme B (EC 3.4.21.79) (C11) (CTLA-1) (Cathepsin G-like 1) (CTSGL1) (Cytotoxic T-lymphocyte proteinase 2) (Lymphocyte protease) (Fragmentin-2) (Granzyme-2) (Human lymphocyte protein) (HLP) (SECT) (T-cell serine protease 1-3E),"['49 65', '142 209', '173 188']","['71', '104']",247,77|-36|,16|67|15|,,,o,"['48', '64', '141', '172', '187', '208', '229']",7,"['71', '104']"
P61916,NPC2_HUMAN,NPC intracellular cholesterol transporter 2 (Epididymal secretory protein E1) (Human epididymis-specific protein 1) (He1) (Niemann-Pick disease type C2 protein),"['27 140', '42 47', '93 99']","['58', '135']",151,-98|46|,113|5|6|,,,o,"['26', '41', '46', '92', '98', '139']",6,"['38', '58', '135']"
Q6FHJ7,SFRP4_HUMAN,"Secreted frizzled-related protein 4 (sFRP-4) (Frizzled protein, human endometrium) (FrpHE)","['24 85', '32 78', '69 108', '97 136', '101 125']","['38', '68', '116', '194', '240']",346,-53|-9|-11|-35|,61|46|39|39|24|,,,o,"['9', '23', '31', '68', '77', '84', '96', '100', '107', '124', '135', '169', '177', '179', '210', '242', '244', '257', '270']",19,"['38', '68', '116', '194', '240']"
P22897,MRC1_HUMAN,Macrophage mannose receptor 1 (MMR) (C-type lectin domain family 13 member D) (C-type lectin domain family 13 member D-like) (Human mannose receptor) (hMR) (Macrophage mannose receptor 1-like protein 1) (CD antigen CD206),"['35 49', '74 91', '168 194', '182 209', '247 340', '316 332', '391 486', '463 478', '532 625', '600 617', '646 659', '680 777', '753 769', '828 922', '899 914', '977 1079', '1052 1071', '1123 1212', '1190 1204', '1263 1355', '1332 1347']","['104', '344', '529', '926', '930', '1160', '1205']",1456,25|77|-12|38|-24|59|-23|54|-25|29|21|-24|59|-23|63|-27|52|-22|59|-23|,14|17|26|27|93|16|95|15|93|17|13|97|16|94|15|102|19|89|14|92|15|,,,o1388-1410i,"['34', '48', '73', '90', '101', '148', '167', '181', '193', '208', '246', '315', '331', '339', '361', '372', '390', '462', '477', '485', '503', '514', '531', '599', '616', '624', '645', '658', '679', '752', '768', '776', '827', '898', '913', '921', '944', '955', '976', '1051', '1070', '1078', '1122', '1189', '1203', '1211', '1229', '1244', '1262', '1331', '1346', '1354']",52,"['104', '344', '529', '926', '930', '1160', '1205', '1311']"
P35555,FBN1_HUMAN,Fibrillin-1 [Cleaved into: Asprosin],"['59 68', '67 80', '85 94', '89 100', '102 111', '119 129', '123 134', '136 145', '150 160', '154 166', '168 177', '250 262', '257 271', '273 286', '292 304', '299 313', '315 328', '453 465', '460 474', '476 488', '494 504', '499 513', '515 528', '534 546', '541 555', '557 570', '576 587', '582 596', '598 611', '617 628', '623 637', '639 652', '727 739', '734 748', '750 763', '769 781', '776 790', '792 805', '811 821', '816 830', '832 845', '853 875', '862 887', '876 890', '896 908', '914 926', '921 935', '937 950', '1032 1044', '1039 1053', '1055 1068', '1074 1086', '1081 1095', '1097 1111', '1117 1129', '1124 1138', '1140 1153', '1159 1171', '1166 1180', '1182 1195', '1201 1212', '1208 1221', '1223 1236', '1242 1254', '1249 1263', '1265 1278', '1284 1296', '1291 1305', '1307 1320', '1326 1339', '1333 1348', '1350 1361', '1367 1380', '1374 1389', '1391 1402', '1408 1420', '1415 1429', '1431 1444', '1450 1461', '1456 1470', '1472 1485', '1491 1502', '1497 1511', '1513 1526', '1534 1562', '1549 1574', '1563 1577', '1564 1589', '1610 1622', '1617 1631', '1633 1646', '1652 1663', '1658 1672', '1674 1687', '1770 1782', '1777 1791', '1793 1806', '1812 1824', '1818 1833', '1835 1847', '1853 1865', '1860 1874', '1876 1889', '1895 1905', '1900 1914', '1916 1928', '1934 1947', '1942 1956', '1958 1971', '1977 1989', '1984 1998', '2000 2011', '2017 2029', '2024 2038', '2040 2053', '2061 2083', '2070 2096', '2084 2099', '2085 2111', '2131 2142', '2137 2151', '2153 2164', '2170 2181', '2176 2190', '2192 2204', '2210 2221', '2217 2230', '2232 2245', '2251 2265', '2258 2274', '2276 2289', '2295 2307', '2302 2316', '2318 2331', '2406 2418', '2413 2427', '2429 2442', '2448 2459', '2455 2468', '2470 2483', '2489 2500', '2496 2509', '2511 2522', '2528 2541', '2535 2550', '2552 2565', '2571 2581', '2577 2590', '2592 2605', '2611 2622', '2617 2631', '2633 2646', '2652 2663', '2659 2672', '2674 2686']","['448', '1067', '1149', '1369', '1484', '1581', '1669', '1703', '1713', '1902', '2077', '2178', '2734', '2750', '2767']",2871,-1|5|-5|2|8|-6|2|5|-6|2|73|-5|2|6|-5|2|125|-5|2|6|-5|2|6|-5|2|6|-5|2|6|-5|2|75|-5|2|6|-5|2|6|-5|2|8|-13|-11|6|6|-5|2|82|-5|2|6|-5|2|6|-5|2|6|-5|2|6|-4|2|6|-5|2|6|-5|2|6|-6|2|6|-6|2|6|-5|2|6|-5|2|6|-5|2|8|-13|-11|-13|21|-5|2|6|-5|2|83|-5|2|6|-6|2|6|-5|2|6|-5|2|6|-5|2|6|-5|2|6|-5|2|8|-13|-12|-14|20|-5|2|6|-5|2|6|-4|2|6|-7|2|6|-5|2|75|-5|2|6|-4|2|6|-4|2|6|-6|2|6|-4|2|6|-5|2|6|-4|2|,9|13|9|11|9|10|11|9|10|12|9|12|14|13|12|14|13|12|14|12|10|14|13|12|14|13|11|14|13|11|14|13|12|14|13|12|14|13|10|14|13|22|25|14|12|12|14|13|12|14|13|12|14|14|12|14|13|12|14|13|11|13|13|12|14|13|12|14|13|13|15|11|13|15|11|12|14|13|11|14|13|11|14|13|28|25|14|25|12|14|13|11|14|13|12|14|13|12|15|12|12|14|13|10|14|12|13|14|13|12|14|11|12|14|13|22|26|15|26|11|14|11|11|14|12|11|13|13|14|16|13|12|14|13|12|14|13|11|13|13|11|13|11|13|15|13|10|13|13|11|14|13|11|13|12|,,,o,"['58', '66', '67', '79', '84', '88', '93', '99', '101', '110', '118', '122', '128', '133', '135', '144', '149', '153', '159', '165', '167', '176', '185', '194', '203', '208', '209', '220', '223', '230', '243', '249', '256', '261', '270', '272', '285', '291', '298', '303', '312', '314', '327', '335', '344', '357', '358', '359', '364', '376', '388', '452', '459', '464', '473', '475', '487', '493', '498', '503', '512', '514', '527', '533', '540', '545', '554', '556', '569', '575', '581', '586', '595', '597', '610', '616', '622', '627', '636', '638', '651', '660', '669', '682', '683', '684', '695', '698', '710', '726', '733', '738', '747', '749', '762', '768', '775', '780', '789', '791', '804', '810', '815', '820', '829', '831', '844', '852', '861', '874', '875', '886', '889', '895', '907', '913', '920', '925', '934', '936', '949', '957', '966', '979', '980', '981', '992', '995', '1007', '1031', '1038', '1043', '1052', '1054', '1067', '1073', '1080', '1085', '1094', '1096', '1110', '1116', '1123', '1128', '1137', '1139', '1152', '1158', '1165', '1170', '1179', '1181', '1194', '1200', '1207', '1211', '1220', '1222', '1235', '1241', '1248', '1253', '1262', '1264', '1277', '1283', '1290', '1295', '1304', '1306', '1319', '1325', '1332', '1338', '1347', '1349', '1360', '1366', '1373', '1379', '1388', '1390', '1401', '1407', '1414', '1419', '1428', '1430', '1443', '1449', '1455', '1460', '1469', '1471', '1484', '1490', '1496', '1501', '1510', '1512', '1525', '1533', '1548', '1561', '1562', '1563', '1573', '1576', '1588', '1609', '1616', '1621', '1630', '1632', '1645', '1651', '1657', '1662', '1671', '1673', '1686', '1694', '1705', '1718', '1719', '1720', '1732', '1735', '1747', '1769', '1776', '1781', '1790', '1792', '1805', '1811', '1817', '1823', '1832', '1834', '1846', '1852', '1859', '1864', '1873', '1875', '1888', '1894', '1899', '1904', '1913', '1915', '1927', '1933', '1941', '1946', '1955', '1957', '1970', '1976', '1983', '1988', '1997', '1999', '2010', '2016', '2023', '2028', '2037', '2039', '2052', '2060', '2069', '2082', '2083', '2084', '2095', '2098', '2110', '2130', '2136', '2141', '2150', '2152', '2163', '2169', '2175', '2180', '2189', '2191', '2203', '2209', '2216', '2220', '2229', '2231', '2244', '2250', '2257', '2264', '2273', '2275', '2288', '2294', '2301', '2306', '2315', '2317', '2330', '2338', '2347', '2362', '2363', '2364', '2374', '2377', '2389', '2405', '2412', '2417', '2426', '2428', '2441', '2447', '2454', '2458', '2467', '2469', '2482', '2488', '2495', '2499', '2508', '2510', '2521', '2527', '2534', '2540', '2549', '2551', '2564', '2570', '2576', '2580', '2589', '2591', '2604', '2610', '2616', '2621', '2630', '2632', '2645', '2651', '2658', '2662', '2671', '2673', '2685', '2714', '2717']",361,"['448', '1067', '1149', '1369', '1484', '1581', '1669', '1703', '1713', '1902', '2077', '2178', '2734', '2750', '2767']"
Q8WXI7,MUC16_HUMAN,Mucin-16 (MUC-16) (Ovarian cancer-related tumor marker CA125) (CA-125) (Ovarian carcinoma antigen CA125),"['12126 12146', '12282 12302', '12440 12460', '12596 12616', '12751 12771', '12907 12927', '13063 13083', '13219 13239', '13375 13395', '13531 13551', '13687 13707', '13976 13996', '14126 14146', '14373 14393']","['139', '434', '787', '930', '957', '1375', '1633', '1840', '1877', '1890', '2345', '2375', '2737', '3085', '3178', '3501', '4220', '4498', '4606', '4613', '4624', '4861', '5096', '5131', '5228', '5320', '5394', '5470', '5689', '5863', '6088', '6732', '6859', '6961', '8029', '8055', '8324', '8618', '8684', '8913', '9202', '9493', '9785', '10075', '10173', '10510', '10700', '10749', '11053', '11224', '11263', '11367', '11594', '12079', '12100', '12116', '12168', '12235', '12272', '12393', '12414', '12430', '12549', '12570', '12586', '12704', '12725', '12741', '12824', '12860', '12881', '12897', '13016', '13037', '13053', '13172', '13193', '13328', '13349', '13365', '13484', '13505', '13521', '13640', '13661', '13733', '13744', '13796', '13816', '13832', '13929', '13950', '14080', '14100', '14195', '14212', '14254', '14287', '14326', '14363', '14417', '14423']",14507,136|138|136|135|136|136|136|136|136|136|269|130|227|,20|20|20|20|20|20|20|20|20|20|20|20|20|20|,,,o14453-14475i,"['7797', '12125', '12145', '12281', '12301', '12439', '12459', '12595', '12615', '12717', '12750', '12770', '12906', '12926', '13062', '13082', '13218', '13238', '13374', '13394', '13530', '13550', '13686', '13706', '13841', '13861', '13975', '13995', '14125', '14145', '14249', '14372', '14392', '14468', '14471', '14492']",36,"['110', '139', '434', '787', '930', '957', '1375', '1633', '1840', '1877', '1890', '2345', '2375', '2737', '3086', '3179', '3502', '4222', '4500', '4608', '4615', '4626', '4863', '4997', '5098', '5133', '5230', '5322', '5396', '5472', '5691', '5865', '6090', '6734', '6861', '6963', '8031', '8057', '8326', '8620', '8686', '8915', '9204', '9495', '9787', '9920', '10077', '10175', '10234', '10512', '10645', '10702', '10751', '11055', '11226', '11265', '11369', '11596', '12081', '12102', '12118', '12170', '12237', '12274', '12395', '12416', '12432', '12551', '12572', '12588', '12706', '12727', '12743', '12826', '12862', '12883', '12982', '13018', '13039', '13055', '13174', '13195', '13211', '13330', '13351', '13367', '13423', '13486', '13507', '13523', '13579', '13642', '13663', '13679', '13798', '13819', '13835', '13954', '13975', '13991', '14110', '14131', '14147', '14266', '14287', '14303', '14359', '14422', '14459']"
Q9HCU0,CD248_HUMAN,Endosialin (Tumor endothelial marker 1) (CD antigen CD248),"['131 147', '316 326', '322 335', '337 350']",[],757,169|-4|2|,16|10|13|13|,"['60', '401', '428', '448', '456', '459', '472', '519', '541', '543', '544', '545', '587', '593', '594', '595', '598', '601', '612', '619', '623', '625', '627', '630', '631', '636', '640']",,o686-708i,"['28', '33', '50', '93', '125', '130', '146', '155', '163', '202', '212', '229', '234', '241', '245', '255', '257', '270', '274', '279', '283', '293', '295', '309', '315', '321', '325', '334', '336', '349', '695', '709', '712', '724', '752']",35,['628']
P61769,B2MG_HUMAN,Beta-2-microglobulin [Cleaved into: Beta-2-microglobulin form pI 5.3],['45 100'],[],119,,55|,,"['21', '39', '61', '68', '78', '111', '114']",o,"['44', '99']",2,[]
P02768,ALBU_HUMAN,Serum albumin,"['77 86', '99 115', '114 125', '148 193', '192 201', '224 270', '269 277', '289 303', '302 313', '340 385', '384 393', '416 462', '461 472', '485 501', '500 511', '538 583', '582 591']",[],609,13|-1|23|-1|23|-1|12|-1|27|-1|23|-1|13|-1|27|-1|,13|-1|23|-1|23|-1|12|-1|27|-1|23|-1|13|-1|27|-1|,,"['36', '75', '161', '186', '223', '249', '257', '300', '305', '337', '341', '347', '375', '402', '437', '463', '468', '549', '558', '560', '569', '597']",o,"['57', '76', '85', '98', '113', '114', '124', '147', '191', '192', '200', '223', '268', '269', '276', '288', '301', '302', '312', '339', '383', '384', '392', '415', '460', '461', '471', '484', '499', '500', '510', '537', '581', '582', '590']",35,[]
Q9HCU0,CD248_HUMAN,Endosialin (Tumor endothelial marker 1) (CD antigen CD248),"['131 147', '316 326', '322 335', '337 350']","['60', '401', '428', '448', '456', '459', '472', '519', '541', '543', '544', '545', '587', '593', '594', '595', '598', '601', '612', '619', '623', '625', '627', '630', '631', '636', '640']",757,169|-4|2|,16|10|13|13|,,,o686-708i,"['28', '33', '50', '93', '125', '130', '146', '155', '163', '202', '212', '229', '234', '241', '245', '255', '257', '270', '274', '279', '283', '293', '295', '309', '315', '321', '325', '334', '336', '349', '695', '709', '712', '724', '752']",35,['628']
Q9Y6M7,S4A7_HUMAN,Sodium bicarbonate cotransporter 3 (Electroneutral Na/HCO(3) cotransporter) (Sodium bicarbonate cotransporter 2) (Sodium bicarbonate cotransporter 2b) (Bicarbonate transporter) (Solute carrier family 4 member 7),"['766 768', '802 814']","['171', '269', '398', '406', '776', '786', '791']",1214,,,,,o609-631i652-674o689-708i715-737o820-842i862-881o910-929i950-972o1010-1029i1036-1055o1096-1118i,"['119', '167', '298', '607', '616', '618', '681', '703', '716', '731', '765', '767', '801', '813', '827', '922', '964', '992', '1091', '1124']",20,"['171', '269', '398', '406', '554', '776', '786', '791', '796']"
Q5T6X5,GPC6A_HUMAN,G-protein coupled receptor family C group 6 member A (hGPRC6A) (G-protein coupled receptor GPCR33) (hGPCR33),[],"['121', '259', '332', '378', '452', '555', '567', '590', '733']",926,,,,,o594-616i629-651o666-688i705-727o749-771i783-805o815-837i,"['9', '20', '62', '102', '121', '130', '237', '363', '374', '429', '434', '521', '525', '540', '541', '544', '547', '561', '564', '578', '632', '638', '658', '672', '675', '699', '710', '718', '743', '765', '827', '833', '838', '906']",34,"['85', '86', '121', '259', '304', '332', '378', '452', '555', '567', '590', '733', '877', '910']"
Q9UNQ0,ABCG2_HUMAN,Broad substrate specificity ATP-binding cassette transporter ABCG2 (EC 7.6.2.2) (ATP-binding cassette sub-family G member 2) (Breast cancer resistance protein) (CDw338) (Mitoxantrone resistance-associated protein) (Placenta-specific ATP-binding cassette transporter) (Urate exporter) (CD antigen CD338),['592 608'],['596'],655,,,,,o394-416i428-450o478-499i506-528o533-555i629-651o,"['42', '54', '118', '283', '373', '437', '490', '543', '591', '602', '607', '634']",12,"['338', '418', '557', '596']"
P30411,BKRB2_HUMAN,B2 bradykinin receptor (B2R) (BK-2 receptor),['130 211'],"['30', '39', '207']",391,,,,,o63-85i94-116o131-153i173-195o228-250i270-292o312-334i,"['46', '82', '88', '107', '129', '145', '183', '210', '242', '281', '303', '325', '350', '355']",14,"['30', '39', '207']"
Q9UMF0,ICAM5_HUMAN,Intercellular adhesion molecule 5 (ICAM-5) (Telencephalin),"['55 99', '59 103', '142 198', '249 302', '344 383', '415 470', '498 552', '580 645', '673 725', '769 814']","['54', '74', '137', '195', '214', '303', '316', '371', '397', '583', '646', '764', '795', '796']",924,,,,,o835-857i,"['54', '58', '98', '102', '141', '197', '248', '301', '343', '382', '414', '430', '442', '469', '497', '513', '525', '551', '579', '595', '607', '644', '672', '689', '701', '724', '768', '813', '864', '882']",30,"['54', '74', '137', '195', '214', '270', '303', '316', '371', '397', '583', '646', '764', '795', '796']"
